week_start,cash_inflow,cash_outflow,balance
2024-09-30,72853.29,50149.98,222703.31
2024-10-07,87755.74,94281.92,216177.14
2024-10-14,83699.69,89236.96,210639.88
2024-10-21,91077.77,92483.64,209234.01
2024-10-28,82711.91,87665.26,204280.67
2024-11-04,79027.25,85184.4,198123.52
2024-11-11,94424.67,96634.34,195913.85
2024-11-18,73566.8,81502.28,187978.37
2024-11-25,73789.94,81788.34,179979.98
2024-12-02,72990.58,73212.43,179758.12
2024-12-09,65037.97,69248.34,175547.75
2024-12-16,82163.42,78616.25,179094.91
2024-12-23,69218.41,71327.7,176985.63
2024-12-30,54540.96,62844.12,168682.46
2025-01-06,67088.86,77793.55,157977.77
2025-01-13,80581.81,86002.59,152556.99
2025-01-20,75699.51,81871.34,146385.17
2025-01-27,73975.24,81340.21,139020.19
2025-02-03,71741.7,75408.48,135353.41
2025-02-10,68734.0,75971.55,128115.85
2025-02-17,67507.67,73901.74,121721.78
2025-02-24,75151.57,78996.8,117876.55
2025-03-03,84400.44,84932.05,117344.93
2025-03-10,80165.58,81557.15,115953.36
2025-03-17,73290.91,76410.98,112833.28
2025-03-24,81562.54,82356.4,112039.41
2025-03-31,86309.53,82576.36,115772.58
2025-04-07,94981.66,95729.05,115025.19
2025-04-14,85228.08,88563.85,111689.42
2025-04-21,86025.85,89056.63,108658.64
2025-04-28,107670.27,104324.74,112004.17
2025-05-05,108818.34,107174.23,113648.28
2025-05-12,105075.25,101389.96,117333.57
2025-05-19,132853.68,122232.93,127954.31
2025-05-26,103900.77,104252.04,127603.04
2025-06-02,120509.7,110609.36,137503.38
2025-06-09,129683.5,114714.39,152472.5
2025-06-16,124874.25,113032.69,164314.06
2025-06-23,127757.72,112044.3,180027.48
2025-06-30,122722.68,110708.21,192041.95
2025-07-07,141351.49,129769.73,203623.7
2025-07-14,127557.51,118990.6,212190.62
2025-07-21,134980.08,122792.38,224378.33
2025-07-28,110524.08,105241.2,229661.21
2025-08-04,120732.85,113748.23,236645.83
2025-08-11,132239.86,121896.11,246989.58
2025-08-18,113201.98,113785.76,246405.8
2025-08-25,111085.95,111198.3,246293.45
2025-09-01,112237.76,101877.0,256654.22
2025-09-08,112883.24,99340.75,270196.71
2025-09-15,95679.7,90038.57,275837.84
2025-09-22,120550.44,106095.15,290293.13
2025-09-29,106693.49,96727.02,300259.6
2025-10-06,117596.35,116802.54,301053.41
2025-10-13,103762.7,106503.48,298312.63
2025-10-20,110722.79,108063.77,300971.65
2025-10-27,112223.37,108798.31,304396.71
2025-11-03,84823.69,88889.92,300330.49
2025-11-10,91473.84,95778.48,296025.86
2025-11-17,90755.35,92696.05,294085.15
2025-11-24,106217.74,101844.9,298457.99
2025-12-01,88144.67,83858.44,302744.21
2025-12-08,95711.0,90818.43,307636.78
2025-12-15,94718.2,87912.16,314442.82
2025-12-22,87896.41,85176.48,317162.76
2025-12-29,84075.67,80485.52,320752.9
2026-01-05,77474.14,82327.47,315899.57
2026-01-12,101644.58,100072.6,317471.54
2026-01-19,80112.98,86010.85,311573.67
2026-01-26,78930.01,84330.14,306173.53
2026-02-02,84007.2,90573.56,299607.18
2026-02-09,85316.54,91273.7,293650.01
2026-02-16,96630.13,99761.05,290519.09
2026-02-23,95316.22,95580.74,290254.57
2026-03-02,89457.89,88269.8,291442.66
2026-03-09,93576.17,88567.39,296451.44
2026-03-16,97844.29,95093.71,299202.01
2026-03-23,108678.11,99172.62,308707.5
2026-03-30,109980.63,100783.77,317904.36
2026-04-06,113268.86,111362.36,319810.86
2026-04-13,126433.76,122075.33,324169.29
2026-04-20,117701.72,113043.69,328827.31
2026-04-27,110470.75,109910.43,329387.62
2026-05-04,122978.49,118851.04,333515.07
2026-05-11,117420.87,115031.58,335904.36
2026-05-18,116185.59,113561.7,338528.25
2026-05-25,123628.52,115735.81,346420.96
2026-06-01,139935.11,120902.48,365453.59
2026-06-08,131444.18,119588.9,377308.88
2026-06-15,129173.7,117973.15,388509.43
2026-06-22,145222.64,130362.87,403369.21
2026-06-29,144122.0,126769.75,420721.46
2026-07-06,149467.26,129689.83,440498.89
2026-07-13,131209.78,120238.89,451469.77
2026-07-20,141264.64,125672.0,467062.41
2026-07-27,136777.98,123210.41,480629.98
2026-08-03,152144.46,132591.8,500182.64
2026-08-10,125047.17,115128.34,510101.46
2026-08-17,135867.15,120881.67,525086.94
2026-08-24,160914.72,134660.61,551341.05
2026-08-31,134531.0,118203.95,567668.09
2026-09-07,161819.64,140167.68,589320.06
2026-09-14,136503.92,123739.19,602084.79
2026-09-21,123131.86,115982.7,609233.95
2026-09-28,59703.19,74216.72,594720.42
