deal_id,stage,value,age_days,region,created_date
D-0001,Lost,3914.45,52,East,2026-09-27
D-0002,Lead,2273.26,17,East,2026-09-23
D-0003,Lead,4805.27,27,East,2026-06-04
D-0004,Proposal,5059.68,5,West,2026-04-14
D-0005,Lead,2675.64,8,North,2026-05-21
D-0006,Lead,6769.56,20,North,2026-06-14
D-0007,Lead,1417.19,1,East,2026-07-24
D-0008,Lead,3354.15,6,East,2026-06-06
D-0009,Qualified,9685.78,21,North,2026-06-06
D-0010,Qualified,10551.51,1,West,2026-06-11
D-0011,Lead,1976.48,5,West,2026-09-25
D-0012,Lead,1794.03,15,West,2026-09-19
D-0013,Lead,2264.93,4,East,2026-06-05
D-0014,Won,10244.09,23,East,2026-04-30
D-0015,Qualified,2934.49,46,North,2026-04-12
D-0016,Won,3335.0,89,South,2026-09-16
D-0017,Lost,6557.27,88,South,2026-06-28
D-0018,Qualified,2996.46,53,North,2026-09-06
D-0019,Lost,864.83,88,North,2026-04-07
D-0020,Lead,8969.38,3,South,2026-06-02
D-0021,Lead,7981.16,18,West,2026-06-12
D-0022,Proposal,3515.35,14,West,2026-08-10
D-0023,Lead,3430.26,6,South,2026-09-12
D-0024,Proposal,5406.89,189,North,2026-07-04
D-0025,Won,4517.97,39,North,2026-04-13
D-0026,Lost,6301.91,197,West,2026-04-10
D-0027,Qualified,2761.91,7,West,2026-07-29
D-0028,Proposal,12060.76,35,West,2026-08-19
D-0029,Proposal,4234.33,7,North,2026-05-29
D-0030,Qualified,2754.51,3,East,2026-09-26
D-0031,Qualified,8357.22,26,West,2026-06-30
D-0032,Proposal,3058.41,121,North,2026-08-07
D-0033,Qualified,2355.99,15,East,2026-08-12
D-0034,Proposal,3418.19,140,North,2026-08-08
D-0035,Lead,2233.94,1,West,2026-06-01
D-0036,Proposal,24026.89,12,East,2026-05-17
D-0037,Qualified,2914.79,2,East,2026-09-15
D-0038,Lead,1727.82,1,East,2026-06-27
D-0039,Won,1942.11,54,South,2026-04-28
D-0040,Qualified,14149.91,17,North,2026-05-23
D-0041,Proposal,4329.88,29,South,2026-09-05
D-0042,Lead,1532.65,22,South,2026-04-05
D-0043,Lead,925.83,6,East,2026-04-09
D-0044,Won,8562.05,94,South,2026-04-26
D-0045,Qualified,2338.25,35,West,2026-07-05
D-0046,Lead,3828.78,8,South,2026-06-20
D-0047,Qualified,15996.93,7,East,2026-09-01
D-0048,Qualified,2615.99,7,West,2026-09-04
D-0049,Lost,2525.24,31,East,2026-08-11
D-0050,Lead,3759.83,1,East,2026-07-31
D-0051,Qualified,7159.96,1,West,2026-06-11
D-0052,Lead,10858.65,4,South,2026-05-17
D-0053,Lead,2505.58,15,East,2026-07-29
D-0054,Proposal,14047.91,86,East,2026-07-31
D-0055,Lead,2510.12,11,South,2026-06-11
D-0056,Lead,6062.71,5,East,2026-05-02
D-0057,Qualified,1860.81,17,West,2026-06-15
D-0058,Qualified,9979.95,8,North,2026-07-16
D-0059,Won,4312.09,73,East,2026-04-28
D-0060,Proposal,4129.11,2,South,2026-07-07
D-0061,Lead,2688.24,3,East,2026-04-06
D-0062,Lead,3019.84,20,North,2026-04-24
D-0063,Qualified,11384.63,7,North,2026-05-04
D-0064,Lead,18418.11,27,East,2026-04-07
D-0065,Lead,3752.57,11,East,2026-04-06
D-0066,Lost,7171.34,189,East,2026-06-26
D-0067,Proposal,4263.4,67,South,2026-09-16
D-0068,Lead,3195.59,31,East,2026-05-23
D-0069,Lead,7049.72,1,North,2026-07-28
D-0070,Won,4887.04,19,South,2026-04-06
D-0071,Qualified,6891.87,9,North,2026-04-15
D-0072,Lead,16469.82,31,East,2026-09-28
D-0073,Qualified,7628.93,1,South,2026-08-28
D-0074,Won,13511.6,19,North,2026-06-29
D-0075,Lead,4347.35,3,East,2026-07-13
D-0076,Proposal,1288.68,21,North,2026-07-13
D-0077,Won,4813.97,22,South,2026-04-16
D-0078,Qualified,1162.17,13,South,2026-09-11
D-0079,Lost,1885.4,175,West,2026-04-18
D-0080,Lead,7093.94,12,South,2026-09-13
D-0081,Proposal,2123.27,102,South,2026-07-19
D-0082,Qualified,6784.29,2,South,2026-07-11
D-0083,Qualified,14779.89,29,North,2026-08-02
D-0084,Proposal,4866.06,6,South,2026-06-08
D-0085,Proposal,3015.25,1,South,2026-05-04
D-0086,Qualified,1192.4,13,South,2026-08-13
D-0087,Qualified,2438.02,107,West,2026-08-19
D-0088,Qualified,6203.99,13,West,2026-07-30
D-0089,Lost,1511.28,38,South,2026-07-27
D-0090,Won,7844.9,9,East,2026-04-27
D-0091,Qualified,7593.5,26,East,2026-07-31
D-0092,Qualified,15340.78,9,West,2026-09-01
D-0093,Won,5013.87,132,North,2026-05-18
D-0094,Won,2742.13,14,South,2026-05-24
D-0095,Proposal,2230.69,25,North,2026-07-13
D-0096,Proposal,1486.36,96,North,2026-06-19
D-0097,Lead,16489.89,19,North,2026-05-30
D-0098,Lead,3208.44,68,East,2026-07-24
D-0099,Lead,3014.09,17,South,2026-07-12
D-0100,Qualified,4294.48,3,East,2026-07-28
D-0101,Proposal,6592.67,23,East,2026-09-16
D-0102,Won,1887.26,13,East,2026-09-15
D-0103,Won,2424.04,139,East,2026-07-08
D-0104,Lead,2133.38,11,West,2026-08-15
D-0105,Proposal,5287.27,47,East,2026-07-29
D-0106,Lost,6427.66,14,North,2026-07-29
D-0107,Lead,2134.27,16,North,2026-09-06
D-0108,Lead,6423.56,2,North,2026-08-03
D-0109,Won,2962.45,53,South,2026-04-18
D-0110,Lead,2358.59,19,North,2026-04-26
D-0111,Proposal,2121.28,27,East,2026-06-12
D-0112,Qualified,9048.22,71,North,2026-07-20
D-0113,Qualified,4557.44,15,North,2026-08-01
D-0114,Lost,3258.28,129,West,2026-08-15
D-0115,Qualified,16105.14,73,West,2026-07-09
D-0116,Qualified,2465.86,1,East,2026-05-02
D-0117,Lead,2040.14,4,West,2026-06-07
D-0118,Lead,4410.42,16,West,2026-09-29
D-0119,Qualified,4888.84,31,West,2026-05-02
D-0120,Proposal,2439.68,16,North,2026-08-19
D-0121,Lead,2814.29,6,North,2026-06-03
D-0122,Qualified,3397.96,45,North,2026-09-27
D-0123,Qualified,1525.37,62,South,2026-04-20
D-0124,Won,2867.0,9,North,2026-05-06
D-0125,Lead,5917.57,21,West,2026-05-24
D-0126,Won,5639.83,7,East,2026-05-11
D-0127,Lost,6839.02,8,East,2026-06-21
D-0128,Lead,452.86,7,South,2026-06-27
D-0129,Qualified,3127.02,19,South,2026-07-30
D-0130,Proposal,3156.9,2,North,2026-05-13
D-0131,Lead,5237.54,5,East,2026-09-07
D-0132,Won,2210.31,71,West,2026-05-12
D-0133,Lost,7083.55,24,North,2026-08-22
D-0134,Proposal,3574.26,98,South,2026-04-22
D-0135,Lead,2094.01,9,North,2026-05-29
D-0136,Lead,1844.41,15,West,2026-08-04
D-0137,Qualified,6165.71,39,North,2026-08-28
D-0138,Lead,3755.84,1,North,2026-05-25
D-0139,Won,3129.62,195,West,2026-04-11
D-0140,Qualified,1983.12,38,South,2026-05-25
